Product,Link
Hayduke,https://eskercycles.com/pages/hayduke
Hayduke Ti,https://eskercycles.com/pages/hayduke-ti
Howdy,https://eskercycles.com/pages/howdy
Howdy Ti,https://eskercycles.com/pages/howdy-ti
Japhy,https://eskercycles.com/pages/japhy
Japhy Ti,https://eskercycles.com/pages/japhy-ti
Lorax,https://eskercycles.com/pages/lorax
Lorax Ti,https://eskercycles.com/pages/lorax-ti
Smokey,https://eskercycles.com/pages/smokey
Smokey Ti,https://eskercycles.com/pages/smokey-ti
Hayduke Ivs,https://eskercycles.com/pages/hayduke-lvs
Woodsy,https://eskercycles.com/pages/woodsy
WoodsyTi,https://eskercycles.com/pages/woodsy-ti