Product Category,Products,Product url,Description,Article_1_Score,Article_1_Title,Article_1_Link,Article_2_Score,Article_2_Title,Article_2_Link,Article_3_Score,Article_3_Title
Card Guide Accessories,610,https://www.digikey.com/en/products/filter/card-guide-accessories/600,"Card Guide Accessories are critical components used in the assembly of electronic devices. They help in securing printed circuit boards (PCBs) within a system, reducing the risk of damage during operation or transportation. Their popularity stems from their ability to enhance device longevity, ease of maintenance, and improved heat dissipation, thereby ensuring the consistent functioning of electronic systems.",5.309,Tiger Lake-H Xeon-W SOSA single-board computer,https://www.electronicsweekly.com/news/products/bus-systems-sbcs/tiger-lake-h-xeon-w-sosa-single-board-computer-2025-06/,2.867,EnCharge Picks The PC For Its First Analog AI Chip,https://www.eetimes.com/encharge-picks-the-pc-for-its-first-analog-ai-chip/,2.284,A two-wire temperature transmitter using an RTD sensor
Wire Wrap,107,https://www.digikey.com/en/products/filter/wire-wrap/470,"Wire wrap is a unique method utilized for constructing electronic circuit boards. Originating from the telecommunication industry, this technique involves wrapping wires around a short metallic peg, or a 'post', creating a strong, highly reliable connection. Wire wrapping is popular due to its rapid prototyping, error-reducing nature and longevity, surpassing the lifespan of traditional soldered connections.",43.664,"Rugged circular connectors are latching, threaded or break-away",https://www.electronicsweekly.com/news/products/connectors/rugged-circular-connectors-are-latching-threaded-or-break-away-2025-06/,8.389,A two-wire temperature transmitter using an RTD sensor,https://www.edn.com/a-two-wire-temperature-transmitter-using-an-rtd-sensor/,0.726,MCUs enable USB-C Rev 2.4 designs
"Electrical, Specialty Fuses",27105,https://www.digikey.com/en/products/filter/electrical-specialty-fuses/155,"Specialty Fuses are a category of essential electronic components designed to protect devices and circuits from overload currents. Used extensively in both industrial and domestic environments, they are often found within various electronics, automobiles, and appliances where they act as a safety mechanism, breaking the circuit when electrical current exceeds defined thresholds. Their popularity stems from their reliability, compactness and for offering a cost-effective solution for circuit protection.",1.695,China Sharpens Strategy in the Global 6G Race,https://www.eetimes.com/china-sharpens-strategy-in-the-global-6g-race/,1.52,The FCC Builds a Firewall Around US-Bound Electronics,https://www.eetimes.com/the-fcc-builds-a-firewall-around-us-bound-electronics/,0.851,EnCharge Picks The PC For Its First Analog AI Chip
Circuit Breakers,73747,https://www.digikey.com/en/products/filter/circuit-breakers/143,"Circuit breakers are electrical devices used in both residential and commercial settings that help regulate and control the amount of electricity passing through a circuit. The breaker is designed to ""trip"" or disconnect the flow of electricity when it detects excessive electrical current, effectively protecting the circuit from overheating and igniting. The primary reasons for their popularity are their preventive role against electrical fires, as well as their cost-effective and reusable nature, which makes them optimal for long-term circuit safety.",9.658,A two-wire temperature transmitter using an RTD sensor,https://www.edn.com/a-two-wire-temperature-transmitter-using-an-rtd-sensor/,1.218,A two-way Wilson current mirror,https://www.edn.com/a-two-way-wilson-current-mirror/,0.986,Indian Automotive OEMs Stand to Benefit from an Open GMSL
"Evaluation, Development Board Enclosures",783,https://www.digikey.com/en/products/filter/evaluation-development-board-enclosures/975,"Evaluation and Development Board Enclosures are protective units designed to house and protect electronic development and evaluation boards. These enclosures not only safeguard the components inside from physical damage but also shield them from electromagnetic interference. They gain popularity due to their ability to accelerate the prototyping phase and enhance the durability of electronic projects, particularly in research, design, and development stages.",10.439,Tiger Lake-H Xeon-W SOSA single-board computer,https://www.electronicsweekly.com/news/products/bus-systems-sbcs/tiger-lake-h-xeon-w-sosa-single-board-computer-2025-06/,7.597,"GD32C231 Series MCU — Redefining Cost-Performance, Unleashing New Potential!",https://www.eetimes.com/gd32c231-series-mcu-redefining-cost-performance-unleashing-new-potential/,4.622,Time-to-digital conversion for space applications
"Cold Shrink Tape, Tubing",129,https://www.digikey.com/en/products/filter/cold-shrink-tape-tubing/485,"Cold shrink tape and tubing belong to a category of protective solutions primarily used in the electrical and telecommunications industry. This product is used to provide an environmental seal and insulation for cables, wires, and splices, offering protection against moisture, corrosion, and abrasion. Its popularity stems from its ease of installation, requiring no heat or special tools, its excellent durability, and the superior electrical performance it provides.",1.559,Can Neocloud Architectures Break the AI Infra Bottleneck?,https://www.eetimes.com/can-neocloud-architectures-break-the-ai-infra-bottleneck/,,,,,
Box Components,5756,https://www.digikey.com/en/products/filter/box-components/596,"Box Components is a leading brand in the creation of bicycle parts and accessories, renowned for its high-quality and reliable products. The product range mainly includes drive trains, brakes, handlebars, and other bike parts that enhance the overall performance and safety of bicycles for both professional and recreational use. The continuous popularity emanates from the brand's commitment to quality, sleek design, superior construction, and offering a smooth cycling experience to customers.",2.433,"Most Read – Qualcomm, Big Beautiful Bill, Semi sales",https://www.electronicsweekly.com/blogs/electro-ramblings/latest-news/most-read-qualcomm-big-beautiful-bill-semi-sales-2025-06/,2.149,Altum amps speed RF design with Quantic blocks,https://www.edn.com/altum-amps-speed-rf-design-with-quantic-blocks/,1.991,Can Neocloud Architectures Break the AI Infra Bottleneck?
Rack Accessories,13547,https://www.digikey.com/en/products/filter/rack-accessories/598,"Rack Accessories is a product category encompassing various components used for organizing, managing, and safeguarding electronic equipment within rack systems. These include shelving, power strips, cooling fans, rack panels, cable management accessories, and more. Rack accessories play a crucial role in maximizing efficiency, promoting airflow, and preventing overheating within high-density IT environments. Their popularity arises from their ability to ensure a clutter-free setup and prolong the lifespan of high-cost rack-mountable equipment.",8.86,AI Demand Drives Disaggregated Storage,https://www.eetimes.com/ai-demand-drives-disaggregated-storage/,1.667,"Rugged circular connectors are latching, threaded or break-away",https://www.electronicsweekly.com/news/products/connectors/rugged-circular-connectors-are-latching-threaded-or-break-away-2025-06/,,
"Flat Flex Jumpers, Cables (FFC, FPC)",2075,https://www.digikey.com/en/products/filter/flat-flex-jumpers-cables-ffc-fpc/458,"Flat Flex Jumpers and Cables (FFC, FPC) are flexible electronic interconnection components. They are lightweight, thin, and can be bent or folded, making them ideal for compact digital devices like laptops, smartphones, or high-precision industrial equipment. They are popular due to their durability, ease of installation, and ability to reduce device size and weight.",28.969,"Rugged circular connectors are latching, threaded or break-away",https://www.electronicsweekly.com/news/products/connectors/rugged-circular-connectors-are-latching-threaded-or-break-away-2025-06/,0.964,MCUs enable USB-C Rev 2.4 designs,https://www.edn.com/mcus-enable-usb-c-rev-2-4-designs/,,
"Electric Double Layer Capacitors (EDLC), Supercapacitors",3010,https://www.digikey.com/en/products/filter/electric-double-layer-capacitors-edlc-supercapacitors/61,"Electric Double Layer Capacitors (EDLC), also known as supercapacitors, are energy storage devices that have a higher capacitance compared to conventional capacitors. These components are primarily used for energy storage, improving power quality, and to bridge power gaps in systems and devices. Their popularity can be attributed to the rapid charge/discharge times and longer cycle life, making them ideal for applications such as electric vehicle power systems and portable electronics.",2.708,EnCharge Picks The PC For Its First Analog AI Chip,https://www.eetimes.com/encharge-picks-the-pc-for-its-first-analog-ai-chip/,2.512,"Most Read – Qualcomm, Big Beautiful Bill, Semi sales",https://www.electronicsweekly.com/blogs/electro-ramblings/latest-news/most-read-qualcomm-big-beautiful-bill-semi-sales-2025-06/,1.808,"Rugged circular connectors are latching, threaded or break-away"
"Wire Duct, Raceway Covers",706,https://www.digikey.com/en/products/filter/wire-ducts-raceways/wire-duct-raceway-covers/957,"Wire ducts and raceway covers constitute an essential part of cable management solutions; they are designed to organize, protect, and conceal wiring in both residential and commercial spaces. Utilized across industries, they prevent tripping accidents, enhance appearance, and facilitate easier access to the wires for future maintenance, thus making them a popular choice. High durability and easy installation further increase their appeal in a wide range of applications.",33.475,"Rugged circular connectors are latching, threaded or break-away",https://www.electronicsweekly.com/news/products/connectors/rugged-circular-connectors-are-latching-threaded-or-break-away-2025-06/,6.432,A two-wire temperature transmitter using an RTD sensor,https://www.edn.com/a-two-wire-temperature-transmitter-using-an-rtd-sensor/,0.685,EnCharge Picks The PC For Its First Analog AI Chip
Pluggable Cables,19344,https://www.digikey.com/en/products/filter/pluggable-cables/460,"Pluggable cables are types of interconnects used to link various electronic components together faster and more conveniently. They are widely used for data center applications and networking hardware interfaces because of their high-speed data transfer capabilities. Their popularity stems from their versatility in providing flexible connection options, easy installation and maintenance, and improved system airflow, thanks to their compact and superior design.",40.298,"Rugged circular connectors are latching, threaded or break-away",https://www.electronicsweekly.com/news/products/connectors/rugged-circular-connectors-are-latching-threaded-or-break-away-2025-06/,1.341,MCUs enable USB-C Rev 2.4 designs,https://www.edn.com/mcus-enable-usb-c-rev-2-4-designs/,,
Aluminum Electrolytic Capacitors,110129,https://www.digikey.com/en/products/filter/aluminum-electrolytic-capacitors/58,"Aluminum Electrolytic Capacitors are passive electronic components that store and regulate electrical energy in circuits. They're commonly integrated into power supply filters due to their high capacitance values and voltage ratings. Their popularity springs from their cost-effectiveness, compactness, and availability in a wide range of specifications for diverse electronic applications.",2.951,EnCharge Picks The PC For Its First Analog AI Chip,https://www.eetimes.com/encharge-picks-the-pc-for-its-first-analog-ai-chip/,2.416,Amp elevates K-band throughput for LEO sats,https://www.edn.com/amp-elevates-k-band-throughput-for-leo-sats/,,
Batteries Non-Rechargeable (Primary),1758,https://www.digikey.com/en/products/filter/batteries-non-rechargeable-primary/90,"Non-Rechargeable Batteries (Primary) are single-use energy storage devices that convert chemical energy into electrical energy. These batteries, often used in devices such as remote controls and smoke alarms, are prized for their long shelf life, high energy density, and low cost. Their popularity stems from their dependability - once discharged, they are disposed of, thereby eliminating concerns of maintaining a charging cycle.",3.568,Indian Automotive OEMs Stand to Benefit from an Open GMSL,https://www.eetimes.com/indian-automotive-oems-stand-to-benefit-from-an-open-gmsl/,3.504,Eval board eases battery motor-drive design,https://www.edn.com/eval-board-eases-battery-motor-drive-design/,2.888,"GD32C231 Series MCU — Redefining Cost-Performance, Unleashing New Potential!"
Cable Ties and Zip Ties,5977,https://www.digikey.com/en/products/filter/cable-ties-and-zip-ties/482,"Cable ties, also known as zip ties, are fasteners used to bundle cables or wires together for better organization and routing. They are used extensively in a broad range of industries including electrical installation, automotive, construction, and telecommunications. Their popularity stems from their simplicity, durability, and cost-effectiveness in managing wire systems and maintaining a neat and orderly environment.",28.901,"Rugged circular connectors are latching, threaded or break-away",https://www.electronicsweekly.com/news/products/connectors/rugged-circular-connectors-are-latching-threaded-or-break-away-2025-06/,2.517,MCUs enable USB-C Rev 2.4 designs,https://www.edn.com/mcus-enable-usb-c-rev-2-4-designs/,1.512,The FCC Builds a Firewall Around US-Bound Electronics
"Flat Flex Cables (FFC, FPC)",170,https://www.digikey.com/en/products/filter/flat-flex-cables-ffc-fpc/476,"Flat Flex Cables, also known as FFC or FPC, are thin, flexible electronic cables used extensively in compact electronic devices. Their flat, flexible nature allows for minimized space and weight, hence facilitating complex circuit designs with high precision and reliability. The prevalent use in modern devices such as laptops, cameras, and TVs renders them widely popular in the electronics industry.",31.503,"Rugged circular connectors are latching, threaded or break-away",https://www.electronicsweekly.com/news/products/connectors/rugged-circular-connectors-are-latching-threaded-or-break-away-2025-06/,1.048,MCUs enable USB-C Rev 2.4 designs,https://www.edn.com/mcus-enable-usb-c-rev-2-4-designs/,,
"Wire Duct, Raceway Accessories",3772,https://www.digikey.com/en/products/filter/wire-ducts-raceways/wire-duct-raceway-accessories/487,"Wire duct and raceway accessories are integral components in electrical installations, used for securely organizing and protecting wires and cables. They're essential for preventing tangling and damage, facilitating efficient cable management and safe electrical systems. Their popularity stems from their versatile applications in electronics, industrial settings, residential properties, and data centers, where neat and reliable wiring is imperative.",36.275,"Rugged circular connectors are latching, threaded or break-away",https://www.electronicsweekly.com/news/products/connectors/rugged-circular-connectors-are-latching-threaded-or-break-away-2025-06/,6.822,A two-wire temperature transmitter using an RTD sensor,https://www.edn.com/a-two-wire-temperature-transmitter-using-an-rtd-sensor/,0.591,MCUs enable USB-C Rev 2.4 designs
"Trimmers, Variable Capacitors",1698,https://www.digikey.com/en/products/filter/trimmers-variable-capacitors/65,"Trimmers and variable capacitors are components used in electronic circuits to adjust, fine-tune or vary the capacitance values within a circuit. They're popular in applications such as radio tuning, signal conditioning, or impedance matching, where adjustable precision is required. The popularity of these adjustable components stems from their control over frequency response and signal behavior, proving crucial in achieving optimal performance from electronic devices.",4.667,EnCharge Picks The PC For Its First Analog AI Chip,https://www.eetimes.com/encharge-picks-the-pc-for-its-first-analog-ai-chip/,2.477,Amp elevates K-band throughput for LEO sats,https://www.edn.com/amp-elevates-k-band-throughput-for-leo-sats/,1.325,A two-way Wilson current mirror
Cigarette Lighter Assemblies,93,https://www.digikey.com/en/products/filter/cigarette-lighter-assemblies/88,"Cigarette Lighter Assemblies are components found in most motor vehicles, comprising an electrically heated coil and socket. Initially designed for lighting cigarettes, they are now primarily used as de facto DC connectors to power or charge electronic devices like mobile phones, GPS systems, or dash cams. Their universal presence in vehicles, along with their adaptability to power other devices, keeps these assemblies popular among users.",2.414,Altum amps speed RF design with Quantic blocks,https://www.edn.com/altum-amps-speed-rf-design-with-quantic-blocks/,1.157,MEMS Speakers Enable Full-Range Audio in Wearables with Ultrasound,https://www.eetimes.com/mems-speakers-enable-full-range-audio-in-wearables-with-ultrasound/,,
Battery Product Accessories,614,https://www.digikey.com/en/products/filter/battery-product-accessories/87,"Battery product accessories are peripherals that complement or enhance the usage of different battery types and models. They include chargers, testers, holders, and cases, typically used to improve battery performance, prolong life, and ensure safety. The popularity of these accessories is primarily due to the critical role they play in effective energy management and the proper functioning of battery-powered devices.",9.086,Eval board eases battery motor-drive design,https://www.edn.com/eval-board-eases-battery-motor-drive-design/,7.677,"GD32C231 Series MCU — Redefining Cost-Performance, Unleashing New Potential!",https://www.eetimes.com/gd32c231-series-mcu-redefining-cost-performance-unleashing-new-potential/,3.127,The FCC Builds a Firewall Around US-Bound Electronics
Ionizer Equipment,223,https://www.digikey.com/en/products/filter/ionizer-equipment/609,"Ionizer equipment comprises devices designed for air purification, using a process called ionization to eliminate microscopic pollutants. These machines generate negative ions, which are then released into the air, attaching themselves to airborne particles; this makes them too heavy to stay aloft, effectively cleansing the atmosphere. Their popularity stems from their ability to improve indoor air quality significantly, offering health benefits by reducing allergies, asthma triggers, and airborne viruses.",4.66,The FCC Builds a Firewall Around US-Bound Electronics,https://www.eetimes.com/the-fcc-builds-a-firewall-around-us-bound-electronics/,3.001,Sensorless FOC for stepper motor driver,https://www.electronicsweekly.com/news/products/emech-enclosures/sensorless-foc-for-stepper-motor-driver-2025-06/,1.944,A two-wire temperature transmitter using an RTD sensor
Surge Suppression ICs,554,https://www.digikey.com/en/products/filter/surge-suppression-ics/152,"Surge Suppression ICs, or Integrated Circuits, are advanced electronic components designed to protect sensitive electronics from voltage spikes or transients. They are popular in applications such as telecommunications, data communication lines, and power supply networks, where they mitigate the risk of electrostatic discharge and other power disturbances. Their popularity stems from their precise control, compact size, and high reliability that secures electronic systems, prolonging their operational lifespan.",2.277,Sensorless FOC for stepper motor driver,https://www.electronicsweekly.com/news/products/emech-enclosures/sensorless-foc-for-stepper-motor-driver-2025-06/,1.154,The FCC Builds a Firewall Around US-Bound Electronics,https://www.eetimes.com/the-fcc-builds-a-firewall-around-us-bound-electronics/,0.903,Indian Automotive OEMs Stand to Benefit from an Open GMSL
Storage Accessories,49,https://www.digikey.com/en/products/filter/storage-accessories/1098,"Storage accessories are integral components that aid in the organization, conservation, and recovery of digital information. These products encompass a wide range, including hard drives, USB flash drives, memory cards, and solid-state drives. They are predominantly used to save, back-up, and retrieve data. Their popularity stems from the soaring need for electronic data storage and quick accessibility in both personal and business environments.",35.441,AI Demand Drives Disaggregated Storage,https://www.eetimes.com/ai-demand-drives-disaggregated-storage/,4.457,Tiger Lake-H Xeon-W SOSA single-board computer,https://www.electronicsweekly.com/news/products/bus-systems-sbcs/tiger-lake-h-xeon-w-sosa-single-board-computer-2025-06/,4.174,"The 2025 WWDC: From Intel, Apple’s Nearly Free, and the New Interfaces Are…More Shiny?"
"Latches, Locks",1193,https://www.digikey.com/en/products/filter/latches-locks/973,"Latches and locks are mechanical fastening devices widely used in various industries for security and safety purposes. They ensure that doors, gates, windows, or compartments are firmly closed or opened with controlled access, providing a secure, tamper-proof seal to numerous applications. The popularity of latches and locks stems from their reliable functionality, durability, and contribution to privacy and security.",1.989,Can Neocloud Architectures Break the AI Infra Bottleneck?,https://www.eetimes.com/can-neocloud-architectures-break-the-ai-infra-bottleneck/,,,,,
Speakers,3026,https://www.digikey.com/en/products/filter/speakers/156,"Speakers are electronic components that convert electrical signals into sound. They are used in various devices such as television systems, radios, computers, or smartphones, providing audio output for entertainment, communication, or alerts. Their popularity stems from their fundamental role in delivering sound in both professional and consumer applications, enhancing multimedia experiences with high-quality audio reproduction.",30.004,MEMS Speakers Enable Full-Range Audio in Wearables with Ultrasound,https://www.eetimes.com/mems-speakers-enable-full-range-audio-in-wearables-with-ultrasound/,3.766,The FCC Builds a Firewall Around US-Bound Electronics,https://www.eetimes.com/the-fcc-builds-a-firewall-around-us-bound-electronics/,2.65,Altum amps speed RF design with Quantic blocks
"Anti-Static, ESD Grounding Mats",1151,https://www.digikey.com/en/products/filter/anti-static-esd-grounding-mats/606,"Anti-Static, ESD Grounding Mats are specifically designed equipment to prevent electrostatic discharge (ESD), the unexpected flow of electricity between two electrically charged objects. These mats are commonly used in industries handling electronic components where ESD could cause damage to sensitive devices. Their popularity can be attributed to their key role in maintaining operational efficiency and safety in workplaces such as electronics assembly lines, computer labs, and cleanrooms.",2.237,The FCC Builds a Firewall Around US-Bound Electronics,https://www.eetimes.com/the-fcc-builds-a-firewall-around-us-bound-electronics/,1.781,"Rugged circular connectors are latching, threaded or break-away",https://www.electronicsweekly.com/news/products/connectors/rugged-circular-connectors-are-latching-threaded-or-break-away-2025-06/,1.742,"GD32C231 Series MCU — Redefining Cost-Performance, Unleashing New Potential!"
Card Racks,272,https://www.digikey.com/en/products/filter/card-racks/588,"Card Racks are chassis or enclosures designed to hold circuit boards or cards in a compact, organized manner for electronic systems. They're widely used in computing, networking, and telecommunications applications due to their ability to simplify circuit organization and enhance component safety. Their popularity stems from their space-saving design and the convenience of maintenance they offer, making them an invaluable component in modern electronic systems.",5.318,Tiger Lake-H Xeon-W SOSA single-board computer,https://www.electronicsweekly.com/news/products/bus-systems-sbcs/tiger-lake-h-xeon-w-sosa-single-board-computer-2025-06/,2.872,EnCharge Picks The PC For Its First Analog AI Chip,https://www.eetimes.com/encharge-picks-the-pc-for-its-first-analog-ai-chip/,,
"Jumper Wires, Pre-Crimped Leads",23871,https://www.digikey.com/en/products/filter/jumper-wires-pre-crimped-leads/453,"Jumper wires, also known as pre-crimped leads, belong to the product category of electrical connectors used in establishing a temporary connection between different points on an electronic circuit board. These wires are extremely handy when prototyping, having the ability to quickly connect and disconnect different components without needing to solder. Recognized for their flexibility and convenience, they continue to gain popularity among DIY enthusiasts, engineers, and tech educators.",27.785,"Rugged circular connectors are latching, threaded or break-away",https://www.electronicsweekly.com/news/products/connectors/rugged-circular-connectors-are-latching-threaded-or-break-away-2025-06/,2.332,IMS2025: Cross-correlation spectrum analyser from R&S,https://www.electronicsweekly.com/news/products/test-measurement-products/ims2025-cross-correlation-spectrum-analyser-from-rs-2025-06/,1.213,A two-wire temperature transmitter using an RTD sensor
"Wire Ducts, Raceways",4368,https://www.digikey.com/en/products/filter/wire-ducts-raceways/wire-ducts-raceways/486,"Wire ducts and raceways are cable management systems that provide enclosed, protected pathways for electrical wiring. These products are typically used in building construction or assembly lines to maintain wiring organization and safety. Their popularity stems from their crucial role in preventing fire hazards, enhancing system efficiency, and facilitating easier diagnostics and maintenance.",36.758,"Rugged circular connectors are latching, threaded or break-away",https://www.electronicsweekly.com/news/products/connectors/rugged-circular-connectors-are-latching-threaded-or-break-away-2025-06/,7.063,A two-wire temperature transmitter using an RTD sensor,https://www.edn.com/a-two-wire-temperature-transmitter-using-an-rtd-sensor/,0.611,MCUs enable USB-C Rev 2.4 designs
Film Capacitors,160206,https://www.digikey.com/en/products/filter/film-capacitors/62,"Film capacitors are electronic components that store energy and release it when needed. Used in a range of applications, including power conditioning, signal coupling, decoupling, and filtering, they're popular due to their high dielectric strength, low inductance and superior lifespan. Their ability to operate at high frequencies also makes them a preferred choice in areas such as radio tuning and sound handling.",3.732,EnCharge Picks The PC For Its First Analog AI Chip,https://www.eetimes.com/encharge-picks-the-pc-for-its-first-analog-ai-chip/,3.056,Amp elevates K-band throughput for LEO sats,https://www.edn.com/amp-elevates-k-band-throughput-for-leo-sats/,,
"Guitar Parts, Accessories",1,https://www.digikey.com/en/products/filter/guitar-parts-accessories/1001,"Guitar Parts and Accessories are a range of items designed to modify, improve, or repair a guitar’s performance. They are widely popular among musicians and hobbyists, and commonly used to customize sound effects, enhance playability, and maintain the instrument’s longevity. The favorability of these components is attributed to the versatility they offer, enabling both acoustic and electric guitar players to better align their instruments with their unique musical styles.",1.054,MEMS Speakers Enable Full-Range Audio in Wearables with Ultrasound,https://www.eetimes.com/mems-speakers-enable-full-range-audio-in-wearables-with-ultrasound/,1.024,"Rugged circular connectors are latching, threaded or break-away",https://www.electronicsweekly.com/news/products/connectors/rugged-circular-connectors-are-latching-threaded-or-break-away-2025-06/,0.721,Time-to-digital conversion for space applications
Smart Cables,118,https://www.digikey.com/en/products/filter/smart-cables/468,"Smart Cables are technologically advanced connectivity products that enable data transfer, charging, and sometimes, simultaneous multi-device management. These cables are used for quick charging of devices, data synchronization, and high-speed data transfers. The rising trend of smart homes, increasing demand for advanced charging systems, and multi-use connectivity options make Smart Cables an increasingly popular choice among consumers.",49.431,"Rugged circular connectors are latching, threaded or break-away",https://www.electronicsweekly.com/news/products/connectors/rugged-circular-connectors-are-latching-threaded-or-break-away-2025-06/,3.631,MEMS Speakers Enable Full-Range Audio in Wearables with Ultrasound,https://www.eetimes.com/mems-speakers-enable-full-range-audio-in-wearables-with-ultrasound/,3.087,Cupola360 RX2000: Smart Patrol Camera at COMPUTEX for Real-Time Spatial Awareness
"Cameras, Projectors",399,https://www.digikey.com/en/products/filter/cameras-projectors/898,"Cameras and projectors are advanced electronic devices used for capturing images and displaying them on large surfaces respectively. Cameras, which range from compact digital versions to professional DSLRs, capture visuals for memories, art, and professional photography. Projectors, on the other hand, display these visuals for educational, business, or entertainment purposes. They are popular because they allow visual sharing and storage of information in an easily accessible manner, enhancing communication and memory preservation.",4.407,Cupola360 RX2000: Smart Patrol Camera at COMPUTEX for Real-Time Spatial Awareness,https://www.eetimes.com/cupola360-rx2000-smart-patrol-camera-at-computex-for-real-time-spatial-awareness/,2.381,Indian Automotive OEMs Stand to Benefit from an Open GMSL,https://www.eetimes.com/indian-automotive-oems-stand-to-benefit-from-an-open-gmsl/,1.055,"The 2025 WWDC: From Intel, Apple’s Nearly Free, and the New Interfaces Are…More Shiny?"
Mica and PTFE Capacitors,9014,https://www.digikey.com/en/products/filter/mica-and-ptfe-capacitors/64,"Mica and PTFE Capacitors are electronic components that store and release electrical energy in a circuit. Used primarily in radio frequency and high voltage applications due to their superior temperature stability, high precision, and low loss factors, these capacitors are popular for their reliability and durability in demanding electrical environments. Furthermore, their varying dielectric properties make them versatile for different application specifications.",2.822,EnCharge Picks The PC For Its First Analog AI Chip,https://www.eetimes.com/encharge-picks-the-pc-for-its-first-analog-ai-chip/,2.31,Amp elevates K-band throughput for LEO sats,https://www.edn.com/amp-elevates-k-band-throughput-for-leo-sats/,,
Thin Film Capacitors,3733,https://www.digikey.com/en/products/filter/thin-film-capacitors/66,"Thin film capacitors are a category of capacitors that utilize thin film technology for their dielectric. They are typically used in electronic circuits to store electrical energy, block direct current while allowing alternating current to pass, filter noise, and stabilize voltage and power flow. Their popularity lies in their high precision, stability, and reliability, making them suitable for high-frequency applications and environments in which space and performance are critical.",3.732,EnCharge Picks The PC For Its First Analog AI Chip,https://www.eetimes.com/encharge-picks-the-pc-for-its-first-analog-ai-chip/,3.056,Amp elevates K-band throughput for LEO sats,https://www.edn.com/amp-elevates-k-band-throughput-for-leo-sats/,,
Keyboards,559,https://www.digikey.com/en/products/filter/keyboards/885,"Keyboards are a peripheral input device utilized to input data into a computer system, smartphones, or other digital devices. They are primarily used to type text, but also include functionality for executing commands and controlling specific functions of a device. Keyboards are popular due to their ease of use, efficiency, and ubiquity in both personal and professional settings. They come in various types, such as mechanical, membrane, and wireless, each offering unique features catering to different user preferences and needs.",7.172,MCUs enable USB-C Rev 2.4 designs,https://www.edn.com/mcus-enable-usb-c-rev-2-4-designs/,,,,,
Surge Protection Devices (SPDs),9886,https://www.digikey.com/en/products/filter/transient-voltage-suppressors-tvs/surge-protection-devices-spds/992,"Surge Protection Devices (SPDs) are electronic devices designed to protect electrical equipment from voltage spikes by limiting excess voltage. Deployed in residential, commercial, and industrial settings, they are used to safeguard valuable appliances and equipment from potentially damaging power anomalies or surges. The popularity of SPDs is driven by their ability to increase the lifespan of electronics, prevent data loss, and improve operational efficiency.",2.791,MCUs enable USB-C Rev 2.4 designs,https://www.edn.com/mcus-enable-usb-c-rev-2-4-designs/,2.327,MEMS Speakers Enable Full-Range Audio in Wearables with Ultrasound,https://www.eetimes.com/mems-speakers-enable-full-range-audio-in-wearables-with-ultrasound/,2.114,Eval board eases battery motor-drive design
PTC Resettable Fuses,5096,https://www.digikey.com/en/products/filter/ptc-resettable-fuses/150,"PTC Resettable Fuses are a type of overcurrent protection device that temporarily interrupts electrical circuits when excessive current flow is detected. Mainly used to protect electronics from damage due to overheat or current overload, they automatically resume normal operation once the fault condition is resolved. Their self-resetting function and durability make them popular in various electronics such as laptops, televisions, and medical devices.",0.672,China Sharpens Strategy in the Global 6G Race,https://www.eetimes.com/china-sharpens-strategy-in-the-global-6g-race/,,,,,
Barrel Audio Cables,1212,https://www.digikey.com/en/products/filter/barrel-connector-cables/barrel-audio-cables/463,"Barrel Audio Cables are a category of wiring products used to transmit audio signals between various electronic devices such as speakers, amplifiers, and musical instruments. These cables ensure precise and clear sound transmission by minimizing signal loss and interference. Given their straightforward usage and high-performance ability in creating superior sound quality, barrel audio cables are popular in both professional sound engineering and general consumer electronics fields.",11.872,MEMS Speakers Enable Full-Range Audio in Wearables with Ultrasound,https://www.eetimes.com/mems-speakers-enable-full-range-audio-in-wearables-with-ultrasound/,3.712,Innatera Adds More Accelerators to Spiking Microcontroller,https://www.eetimes.com/innatera-adds-more-accelerators-to-spiking-microcontroller/,2.657,The FCC Builds a Firewall Around US-Bound Electronics
Coaxial Cables (RF),4322,https://www.digikey.com/en/products/filter/coaxial-cables-rf/475,"Coaxial cables, often referred to as RF cables, are a category of cables used to transmit radio frequency (RF) signals. They are characterized by an inner conductor surrounded by an insulating layer, conducting shield and an outer insulating layer. Widely used due to their superior signal protection against interference and capacitance, they find applications in connecting antennas, computer networks, digital audio, and in cable television distribution systems.",38.169,"Rugged circular connectors are latching, threaded or break-away",https://www.electronicsweekly.com/news/products/connectors/rugged-circular-connectors-are-latching-threaded-or-break-away-2025-06/,21.862,Altum amps speed RF design with Quantic blocks,https://www.edn.com/altum-amps-speed-rf-design-with-quantic-blocks/,3.204,IMS2025: Cross-correlation spectrum analyser from R&S
Accessories,7412,https://www.digikey.com/en/products/filter/accessories/479,"Accessories for electronics encompass a wide array of additional devices aimed at enhancing the function or aesthetics of a primary electronic product. Typically used to improve efficiency, broaden functionality, or to personalise, accessories range from laptop cases, headphones, smartphone chargers to device-specific add-ons. Their popularity stems from their ability to tailor the user experience to individual needs and preferences, driving both improvements in device utility and personal expression.",2.978,"Rugged circular connectors are latching, threaded or break-away",https://www.electronicsweekly.com/news/products/connectors/rugged-circular-connectors-are-latching-threaded-or-break-away-2025-06/,,,,,
"Printers, Label Makers",418,https://www.digikey.com/en/products/filter/printers-label-makers/887,"Printers and label makers are essential office appliances utilized for producing physical copies of digital documents, graphics, and creating identification labels respectively. Printers find wide usage in businesses, schools and homes for creating hard copies of text, images, or digital art, while label makers are typically employed in professional settings for organization by labeling files, equipment, or storage. Their popularity stems from their facilitation in document management, improved organization, and the tangibility and accessibility they offer in reproducing digital data.",1.032,The FCC Builds a Firewall Around US-Bound Electronics,https://www.eetimes.com/the-fcc-builds-a-firewall-around-us-bound-electronics/,0.883,MEMS Speakers Enable Full-Range Audio in Wearables with Ultrasound,https://www.eetimes.com/mems-speakers-enable-full-range-audio-in-wearables-with-ultrasound/,,
"Monitors, Testers",361,https://www.digikey.com/en/products/filter/monitors-testers/612,"Monitors and testers category includes devices like computer monitors, voltage testers, and equipment utilized to analyze or track the performance of different electronic components and systems. These devices are typically used to diagnose issues within an electronic system, ensure consistent performance, and maintain the safety standards of electronic units. Their popularity is primarily due to their vital role in performance tracking, quality control, and troubleshooting across a range of electronic devices and systems.",1.647,The FCC Builds a Firewall Around US-Bound Electronics,https://www.eetimes.com/the-fcc-builds-a-firewall-around-us-bound-electronics/,,,,,
Ceramic Capacitors,873500,https://www.digikey.com/en/products/filter/ceramic-capacitors/60,"Ceramic capacitors are a type of capacitor made from ceramic material acting as the dielectric. They are used in a wide variety of electronics, including consumer devices, industrial machinery, and communication equipment, to store and release electrical energy quickly. Their popularity is largely due to their non-polarity, high-frequency response, and superb reliability.",3.732,EnCharge Picks The PC For Its First Analog AI Chip,https://www.eetimes.com/encharge-picks-the-pc-for-its-first-analog-ai-chip/,3.056,Amp elevates K-band throughput for LEO sats,https://www.edn.com/amp-elevates-k-band-throughput-for-leo-sats/,0.915,Time-to-digital conversion for space applications
"Clean Room Treatments, Cleaners, Wipes",409,https://www.digikey.com/en/products/filter/clean-room-treatments-cleaners-wipes/608,"Clean room treatments, cleaners, and wipes are a category of specialized products designed to maintain the sanitary standards of clean rooms – spaces often used in manufacturing or scientific research. These products are vital for eradicating minute particles, contaminants, or fibrous materials that could compromise the operations within these sensitive environments. Their popularity stems from being essential for industries like pharmaceuticals, biotech, and electronics where contamination can significantly impact the quality and safety of their products or research outcomes.",2.586,A two-wire temperature transmitter using an RTD sensor,https://www.edn.com/a-two-wire-temperature-transmitter-using-an-rtd-sensor/,2.495,The FCC Builds a Firewall Around US-Bound Electronics,https://www.eetimes.com/the-fcc-builds-a-firewall-around-us-bound-electronics/,1.289,"GD32C231 Series MCU — Redefining Cost-Performance, Unleashing New Potential!"
USB Cables,6526,https://www.digikey.com/en/products/filter/usb-cables/455,"USB cables are a category of data transfer and power connection cables, used primarily to connect devices such as smartphones, cameras, and computers. They enable swift data transfer and charging, making them integral to various technological environments. Their popularity arises from their universal interface, high-speed connectivity, and versatility, serving as a standard for numerous electronic devices.",46.295,"Rugged circular connectors are latching, threaded or break-away",https://www.electronicsweekly.com/news/products/connectors/rugged-circular-connectors-are-latching-threaded-or-break-away-2025-06/,17.954,MCUs enable USB-C Rev 2.4 designs,https://www.edn.com/mcus-enable-usb-c-rev-2-4-designs/,2.208,Tiger Lake-H Xeon-W SOSA single-board computer
Coaxial Cables (RF),544496,https://www.digikey.com/en/products/filter/coaxial-cables-rf/456,"Coaxial cables, often referred to as RF cables, are a category of cables used to transmit radio frequency (RF) signals. They are characterized by an inner conductor surrounded by an insulating layer, conducting shield and an outer insulating layer. Widely used due to their superior signal protection against interference and capacitance, they find applications in connecting antennas, computer networks, digital audio, and in cable television distribution systems.",38.169,"Rugged circular connectors are latching, threaded or break-away",https://www.electronicsweekly.com/news/products/connectors/rugged-circular-connectors-are-latching-threaded-or-break-away-2025-06/,21.862,Altum amps speed RF design with Quantic blocks,https://www.edn.com/altum-amps-speed-rf-design-with-quantic-blocks/,3.204,IMS2025: Cross-correlation spectrum analyser from R&S
Gas Discharge Tube Arresters (GDT),4415,https://www.digikey.com/en/products/filter/gas-discharge-tube-arresters-gdt/142,"Gas Discharge Tube Arresters (GDTs) are protective electronic components used in telecom, RF and other high-voltage applications to protect circuits from dangers of overvoltage transients. They function by providing a short-circuit path when a voltage spike is detected, thereby arresting the current spike and preventing damage to the device. Their popularity lies in their ability to handle high energy surges, fast response time, and excellent insulation resistance when in non-operating mode, catering to any circuit's safety needs.",2.014,"GD32C231 Series MCU — Redefining Cost-Performance, Unleashing New Potential!",https://www.eetimes.com/gd32c231-series-mcu-redefining-cost-performance-unleashing-new-potential/,,,,,
"Anti-Static, ESD, Clean Room Accessories",1175,https://www.digikey.com/en/products/filter/anti-static-esd-clean-room-accessories/603,"Anti-static, ESD, and cleanroom accessories are crucial components used in environments that require minimal particle generation and reduced static electricity, such as laboratories, manufacturing facilities, or any electrified environment. These accessories include items like gloves, wrist straps, grounding mats, and ESD bags, and are designed to either prevent the build-up of static electricity or safely dissipate it to protect sensitive electronic components from damaging electrostatic discharge (ESD). Given the widespread prevalence of electronics and increased precision requirements in various sectors, the popularity of these accessories is rising. They are essential in maintaining product integrity and ensuring worker safety, thus enhancing operational efficiency and product reliability.",2.482,A two-wire temperature transmitter using an RTD sensor,https://www.edn.com/a-two-wire-temperature-transmitter-using-an-rtd-sensor/,2.395,The FCC Builds a Firewall Around US-Bound Electronics,https://www.eetimes.com/the-fcc-builds-a-firewall-around-us-bound-electronics/,2.059,"Rugged circular connectors are latching, threaded or break-away"
"Splice Enclosures, Protection",316,https://www.digikey.com/en/products/filter/splice-enclosures-protection/496,"Splice Enclosures, often referred to as fiber optic splice closures or joint boxes, are devices used to protect optical fiber connections and splices from the environment. They are typically used in the telecommunication industry to attach, secure, and protect connections in fiber optic cabling systems. Among the reasons for their popularity are their robust and protective qualities, which are critical for ensuring the durability and performance of these systems while combating elements such as moisture, temperature and pressure variations.",2.69,AI Demand Drives Disaggregated Storage,https://www.eetimes.com/ai-demand-drives-disaggregated-storage/,2.242,Eval board eases battery motor-drive design,https://www.edn.com/eval-board-eases-battery-motor-drive-design/,0.876,"GD32C231 Series MCU — Redefining Cost-Performance, Unleashing New Potential!"
KVM Switches (Keyboard Video Mouse) - Cables,135,https://www.digikey.com/en/products/filter/kvm-switches-keyboard-video-mouse-cables/896,"KVM Switches are electronic devices allowing the user to control multiple computers from a single set of peripherals, like a keyboard, video (monitor), and mouse. Their usage can range from managing server farms to personal workplaces, saving space, and reducing hardware cost. This device's popularity stems from its efficiency and cost-effectiveness by minimizing clutter and making switching between multiple systems seamless.",29.406,"Rugged circular connectors are latching, threaded or break-away",https://www.electronicsweekly.com/news/products/connectors/rugged-circular-connectors-are-latching-threaded-or-break-away-2025-06/,3.366,Indian Automotive OEMs Stand to Benefit from an Open GMSL,https://www.eetimes.com/indian-automotive-oems-stand-to-benefit-from-an-open-gmsl/,2.388,Tiger Lake-H Xeon-W SOSA single-board computer
Cable Supports and Fasteners,5603,https://www.digikey.com/en/products/filter/cable-supports-and-fasteners/490,"Cable supports and fasteners are essential components used for organizing and managing wires and cables in electronic and networking systems. They come in various types like cable ties, clamps, clips, and straps each serving to secure, segregate, or route cables in a systematic way, thus enhancing efficiency and appearance while reducing potential damage or disconnection. This category is popular due to its widespread utility in homes, offices, data centers, and various industrial settings where managing wire clutter plays a crucial role in safety and performance.",39.083,"Rugged circular connectors are latching, threaded or break-away",https://www.electronicsweekly.com/news/products/connectors/rugged-circular-connectors-are-latching-threaded-or-break-away-2025-06/,3.404,MCUs enable USB-C Rev 2.4 designs,https://www.edn.com/mcus-enable-usb-c-rev-2-4-designs/,2.821,Simultaneous sweep boosts multi-VNA test speed
"Motor Start, Motor Run Capacitors (AC)",1898,https://www.digikey.com/en/products/filter/motor-start-motor-run-capacitors-ac/2112,"Motor Start and Motor Run Capacitors are essential components in the operation of alternating current (AC) motors. They help kick start the motor (Motor Start Capacitors) and then improve its running efficiency and stability (Motor Run Capacitors), leading to the motor's consistent and effective performance. They are popular due to their direct impact on the motor's lifespan, performance, energy consumption, and overheat protection.",16.157,Eval board eases battery motor-drive design,https://www.edn.com/eval-board-eases-battery-motor-drive-design/,14.949,Sensorless FOC for stepper motor driver,https://www.electronicsweekly.com/news/products/emech-enclosures/sensorless-foc-for-stepper-motor-driver-2025-06/,3.158,Simultaneous sweep boosts multi-VNA test speed
"Privacy Filters, Screen Protectors",639,https://www.digikey.com/en/products/filter/privacy-filters-screen-protectors/883,"Privacy Filters and Screen Protectors are protective overlays designed for electronic display screens. They are commonly used to safeguard displays from physical damage and to guard sensitive information visible on screens from side viewing, ensuring user privacy. The popularity of these components can be attributed to their dual functionality of prolonging device lifespan and enhancing confidentiality in information-centric age.",4.299,IMS2025: Cross-correlation spectrum analyser from R&S,https://www.electronicsweekly.com/news/products/test-measurement-products/ims2025-cross-correlation-spectrum-analyser-from-rs-2025-06/,1.418,MEMS Speakers Enable Full-Range Audio in Wearables with Ultrasound,https://www.eetimes.com/mems-speakers-enable-full-range-audio-in-wearables-with-ultrasound/,1.259,"GD32C231 Series MCU — Redefining Cost-Performance, Unleashing New Potential!"
Batteries Rechargeable (Secondary),1716,https://www.digikey.com/en/products/filter/batteries-rechargeable-secondary/91,"Rechargeable batteries or secondary batteries are the type of energy storage devices which can be charged, discharged multiple times. These batteries are widely used in various devices including laptops, smartphones, and electric vehicles due to their high energy storage capacity and cost efficiency. The ability to reuse them makes them popular and an environmentally friendly choice compared to disposable batteries.",3.479,Eval board eases battery motor-drive design,https://www.edn.com/eval-board-eases-battery-motor-drive-design/,2.867,"GD32C231 Series MCU — Redefining Cost-Performance, Unleashing New Potential!",https://www.eetimes.com/gd32c231-series-mcu-redefining-cost-performance-unleashing-new-potential/,2.774,The FCC Builds a Firewall Around US-Bound Electronics
Single Conductor Cables (Hook-Up Wire),28985,https://www.digikey.com/en/products/filter/single-conductor-cables-hook-up-wire/474,"Single conductor cables, also known as hook-up wires, are fundamental components in the electrical and electronics industry, often used to make internal connections within an electronic device. By offering reliable and efficient electrical connectivity, these cables are popularly used in applications ranging from control panels, meters, computers, business machines, to appliances. Their popularity stems from their high-temperature range, good conductivity, and flexibility, making them a versatile choice in a wide variety of settings.",31.992,"Rugged circular connectors are latching, threaded or break-away",https://www.electronicsweekly.com/news/products/connectors/rugged-circular-connectors-are-latching-threaded-or-break-away-2025-06/,6.147,A two-wire temperature transmitter using an RTD sensor,https://www.edn.com/a-two-wire-temperature-transmitter-using-an-rtd-sensor/,5.196,Tiger Lake-H Xeon-W SOSA single-board computer
Fiber Optic Cables,4413,https://www.digikey.com/en/products/filter/fiber-optic-cables/471,"Fiber optic cables are a high-speed data transmission medium that uses pulses of light to send data. With exceptional transmission speeds and minimal signal degradation, these cables are frequently used in telecommunications, computer networks, and cable television systems. Their popularity stems from their immunity to interference, robust security, large bandwidth capacity, and capability to transmit data over long distances without loss of quality.",38.479,"Rugged circular connectors are latching, threaded or break-away",https://www.electronicsweekly.com/news/products/connectors/rugged-circular-connectors-are-latching-threaded-or-break-away-2025-06/,1.28,MCUs enable USB-C Rev 2.4 designs,https://www.edn.com/mcus-enable-usb-c-rev-2-4-designs/,,
"Modular ESD Desks, Workstations",333,https://www.digikey.com/en/products/filter/modular-esd-desks-workstations/1016,"Modular ESD desks and workstations are ergonomic work environments designed to prevent electrostatic discharge, pivotal in industries dealing with sensitive electronic components. They're modular, meaning their structure can be tailored to specific task requirements, aiding productivity. Their popularity is due to their double advantage of preventing ESD damage, thus safeguarding delicate hardware, and their customizable nature which aids workflow efficiency.",2.804,Altum amps speed RF design with Quantic blocks,https://www.edn.com/altum-amps-speed-rf-design-with-quantic-blocks/,2.569,The FCC Builds a Firewall Around US-Bound Electronics,https://www.eetimes.com/the-fcc-builds-a-firewall-around-us-bound-electronics/,2.001,"GD32C231 Series MCU — Redefining Cost-Performance, Unleashing New Potential!"
"Patchbay, Jack Panel Accessories",546,https://www.digikey.com/en/products/filter/patchbay-jack-panel-accessories/593,"Patchbays or Jack Panel Accessories belong to a hardware category utilized in studio rigs, pro-audio applications or broadcast stations. They facilitate the routing and re-routing of audio signals, allowing for flexibility in connecting different devices. Users prefer them for their convenience, ease of use and ability to streamline complex setups by eliminating the need for constant manual cable swapping.",0.842,"Rugged circular connectors are latching, threaded or break-away",https://www.electronicsweekly.com/news/products/connectors/rugged-circular-connectors-are-latching-threaded-or-break-away-2025-06/,,,,,
"Wire Ducts, Raceways",8846,https://www.digikey.com/en/products/category/wire-ducts-raceways/2039,"Wire ducts and raceways are cable management systems that provide enclosed, protected pathways for electrical wiring. These products are typically used in building construction or assembly lines to maintain wiring organization and safety. Their popularity stems from their crucial role in preventing fire hazards, enhancing system efficiency, and facilitating easier diagnostics and maintenance.",36.758,"Rugged circular connectors are latching, threaded or break-away",https://www.electronicsweekly.com/news/products/connectors/rugged-circular-connectors-are-latching-threaded-or-break-away-2025-06/,7.063,A two-wire temperature transmitter using an RTD sensor,https://www.edn.com/a-two-wire-temperature-transmitter-using-an-rtd-sensor/,0.611,MCUs enable USB-C Rev 2.4 designs
Amplifiers,73,https://www.digikey.com/en/products/filter/amplifiers/998,"Amplifiers are essential electronic devices that boost the power of a signal, making it stronger upon output. They are widely used in various applications such as television broadcasting, audio equipment and wireless communication devices. Their popularity can be attributed to their key role in enhancing sound and video quality, as well as signal strength in electronic communication, contributing significantly to the functionality of modern technology.",9.922,Altum amps speed RF design with Quantic blocks,https://www.edn.com/altum-amps-speed-rf-design-with-quantic-blocks/,8.723,MEMS Speakers Enable Full-Range Audio in Wearables with Ultrasound,https://www.eetimes.com/mems-speakers-enable-full-range-audio-in-wearables-with-ultrasound/,3.905,The FCC Builds a Firewall Around US-Bound Electronics
Heat Shrink Wrap,8,https://www.digikey.com/en/products/filter/heat-shrink-wrap/497,"Heat Shrink Wrap falls under the category of insulation materials used in electronics. It is typically a shrinkable plastic tube applied over wires and electrical components to insulate them and increase longevity. Its popularity is driven by its ease of use, cost-effectiveness, and exceptional ability to seal off wires from potential environmental damage, including heat, dust, and moisture.",0.728,Innatera Adds More Accelerators to Spiking Microcontroller,https://www.eetimes.com/innatera-adds-more-accelerators-to-spiking-microcontroller/,,,,,
